2023-00001,Joy,De la,Cruz,Jr.,"P-2 Poblacion, Lianga, SDS",single,9506866597,"November 12, 19999",B utuan City,male,Joe De la Cruz,old,,,Yes
2023-00002,Joy,De la,Cruz,Jr.,"P-2 Poblacion, Lianga, SDS",single,9506866597,"November 12, 19999",B utuan City,male,Joe De la Cruz,old,,,Yes
2023-00003,Joy,De la,Cruz,Jr.,"P-2 Poblacion, Lianga, SDS",single,9506866597,"November 12, 19999",B utuan City,male,Joe De la Cruz,old,,,Yes
2023-00004,Joy,De la,Cruz,Jr.,"P-2 Poblacion, Lianga, SDS",single,9506866597,"November 12, 19999",B utuan City,male,Joe De la Cruz,old,,,Yes
2023-00005,Joy,De la,Cruz,Jr.,"P-2 Poblacion, Lianga, SDS",single,9506866597,"November 12, 19999",B utuan City,male,Joe De la Cruz,old,,,Yes
2023-00006,Joy,De la,Cruz,Jr.,"P-2 Poblacion, Lianga, SDS",single,9506866597,"November 12, 19999",B utuan City,male,Joe De la Cruz,old,,,Yes
2023-00007,Joy,De la,Cruz,Jr.,"P-2 Poblacion, Lianga, SDS",single,9506866597,"November 12, 19999",B utuan City,male,Joe De la Cruz,old,,,Yes
2023-00008,Joy,De la,Cruz,Jr.,"P-2 Poblacion, Lianga, SDS",single,9506866597,"November 12, 19999",B utuan City,male,Joe De la Cruz,old,,,Yes
2023-00009,Joy,De la,Cruz,Jr.,"P-2 Poblacion, Lianga, SDS",single,9506866597,"November 12, 19999",B utuan City,male,Joe De la Cruz,old,,,Yes
2023-00010,Joy,De la,Cruz,Jr.,"P-2 Poblacion, Lianga, SDS",single,9506866597,"November 12, 19999",B utuan City,male,Joe De la Cruz,old,,,Yes
2023-00011,Joy,De la,Cruz,Jr.,"P-2 Poblacion, Lianga, SDS",single,9506866597,"November 12, 19999",B utuan City,male,Joe De la Cruz,old,,,Yes
2023-00012,Joy,De la,Cruz,Jr.,"P-2 Poblacion, Lianga, SDS",single,9506866597,"November 12, 19999",B utuan City,male,Joe De la Cruz,old,,,Yes
2023-00013,Joy,De la,Cruz,Jr.,"P-2 Poblacion, Lianga, SDS",single,9506866597,"November 12, 19999",B utuan City,male,Joe De la Cruz,old,,,Yes
2023-00014,Joy,De la,Cruz,Jr.,"P-2 Poblacion, Lianga, SDS",single,9506866597,"November 12, 19999",B utuan City,male,Joe De la Cruz,old,,,Yes
2023-00015,Joy,De la,Cruz,Jr.,"P-2 Poblacion, Lianga, SDS",single,9506866597,"November 12, 19999",B utuan City,male,Joe De la Cruz,old,,,Yes
2023-00016,Joy,De la,Cruz,Jr.,"P-2 Poblacion, Lianga, SDS",single,9506866597,"November 12, 19999",B utuan City,male,Joe De la Cruz,old,,,Yes
2023-00017,Joy,De la,Cruz,Jr.,"P-2 Poblacion, Lianga, SDS",single,9506866597,"November 12, 19999",B utuan City,male,Joe De la Cruz,old,,,Yes
2023-00018,Joy,De la,Cruz,Jr.,"P-2 Poblacion, Lianga, SDS",single,9506866597,"November 12, 19999",B utuan City,male,Joe De la Cruz,old,,,Yes
2023-00019,Joy,De la,Cruz,Jr.,"P-2 Poblacion, Lianga, SDS",single,9506866597,"November 12, 19999",B utuan City,male,Joe De la Cruz,old,,,Yes
2023-00020,Joy,De la,Cruz,Jr.,"P-2 Poblacion, Lianga, SDS",single,9506866597,"November 12, 19999",B utuan City,male,Joe De la Cruz,old,,,Yes
2023-00021,Joy,De la,Cruz,Jr.,"P-2 Poblacion, Lianga, SDS",single,9506866597,"November 12, 19999",B utuan City,male,Joe De la Cruz,old,,,Yes
2023-00022,Joy,De la,Cruz,Jr.,"P-2 Poblacion, Lianga, SDS",single,9506866597,"November 12, 19999",B utuan City,male,Joe De la Cruz,old,,,Yes
2023-00023,Joy,De la,Cruz,Jr.,"P-2 Poblacion, Lianga, SDS",single,9506866597,"November 12, 19999",B utuan City,male,Joe De la Cruz,old,,,Yes
2023-00024,Joy,De la,Cruz,Jr.,"P-2 Poblacion, Lianga, SDS",single,9506866597,"November 12, 19999",B utuan City,male,Joe De la Cruz,old,,,Yes
2023-00025,Joy,De la,Cruz,Jr.,"P-2 Poblacion, Lianga, SDS",single,9506866597,"November 12, 19999",B utuan City,male,Joe De la Cruz,old,,,Yes
2023-00026,Joy,De la,Cruz,Jr.,"P-2 Poblacion, Lianga, SDS",single,9506866597,"November 12, 19999",B utuan City,male,Joe De la Cruz,old,,,Yes
2023-00027,Joy,De la,Cruz,Jr.,"P-2 Poblacion, Lianga, SDS",single,9506866597,"November 12, 19999",B utuan City,male,Joe De la Cruz,old,,,Yes
2023-00028,Joy,De la,Cruz,Jr.,"P-2 Poblacion, Lianga, SDS",single,9506866597,"November 12, 19999",B utuan City,male,Joe De la Cruz,old,,,Yes
2023-00029,Joy,De la,Cruz,Jr.,"P-2 Poblacion, Lianga, SDS",single,9506866597,"November 12, 19999",B utuan City,male,Joe De la Cruz,old,,,Yes
2023-00030,Joy,De la,Cruz,Jr.,"P-2 Poblacion, Lianga, SDS",single,9506866597,"November 12, 19999",B utuan City,male,Joe De la Cruz,old,,,Yes
2023-00031,Joy,De la,Cruz,Jr.,"P-2 Poblacion, Lianga, SDS",single,9506866597,"November 12, 19999",B utuan City,male,Joe De la Cruz,old,,,Yes
2023-00032,Joy,De la,Cruz,Jr.,"P-2 Poblacion, Lianga, SDS",single,9506866597,"November 12, 19999",B utuan City,male,Joe De la Cruz,old,,,Yes
2023-00033,Joy,De la,Cruz,Jr.,"P-2 Poblacion, Lianga, SDS",single,9506866597,"November 12, 19999",B utuan City,male,Joe De la Cruz,old,,,Yes
2023-00034,Joy,De la,Cruz,Jr.,"P-2 Poblacion, Lianga, SDS",single,9506866597,"November 12, 19999",B utuan City,male,Joe De la Cruz,old,,,Yes
2023-00035,Joy,De la,Cruz,Jr.,"P-2 Poblacion, Lianga, SDS",single,9506866597,"November 12, 19999",B utuan City,male,Joe De la Cruz,old,,,Yes
2023-00036,Joy,De la,Cruz,Jr.,"P-2 Poblacion, Lianga, SDS",single,9506866597,"November 12, 19999",B utuan City,male,Joe De la Cruz,old,,,Yes
2023-00037,Joy,De la,Cruz,Jr.,"P-2 Poblacion, Lianga, SDS",single,9506866597,"November 12, 19999",B utuan City,male,Joe De la Cruz,old,,,Yes
2023-00038,Joy,De la,Cruz,Jr.,"P-2 Poblacion, Lianga, SDS",single,9506866597,"November 12, 19999",B utuan City,male,Joe De la Cruz,old,,,Yes
2023-00039,Joy,De la,Cruz,Jr.,"P-2 Poblacion, Lianga, SDS",single,9506866597,"November 12, 19999",B utuan City,male,Joe De la Cruz,old,,,Yes
2023-00040,Joy,De la,Cruz,Jr.,"P-2 Poblacion, Lianga, SDS",single,9506866597,"November 12, 19999",B utuan City,male,Joe De la Cruz,old,,,Yes
2023-00041,Joy,De la,Cruz,Jr.,"P-2 Poblacion, Lianga, SDS",single,9506866597,"November 12, 19999",B utuan City,male,Joe De la Cruz,old,,,Yes
2023-00042,Joy,De la,Cruz,Jr.,"P-2 Poblacion, Lianga, SDS",single,9506866597,"November 12, 19999",B utuan City,male,Joe De la Cruz,old,,,Yes
2023-00043,Joy,De la,Cruz,Jr.,"P-2 Poblacion, Lianga, SDS",single,9506866597,"November 12, 19999",B utuan City,male,Joe De la Cruz,old,,,Yes
2023-00044,Joy,De la,Cruz,Jr.,"P-2 Poblacion, Lianga, SDS",single,9506866597,"November 12, 19999",B utuan City,male,Joe De la Cruz,old,,,Yes
2023-00045,Joy,De la,Cruz,Jr.,"P-2 Poblacion, Lianga, SDS",single,9506866597,"November 12, 19999",B utuan City,male,Joe De la Cruz,old,,,Yes
2023-00046,Joy,De la,Cruz,Jr.,"P-2 Poblacion, Lianga, SDS",single,9506866597,"November 12, 19999",B utuan City,male,Joe De la Cruz,old,,,Yes
2023-00047,Joy,De la,Cruz,Jr.,"P-2 Poblacion, Lianga, SDS",single,9506866597,"November 12, 19999",B utuan City,male,Joe De la Cruz,old,,,Yes
2023-00048,Joy,De la,Cruz,Jr.,"P-2 Poblacion, Lianga, SDS",single,9506866597,"November 12, 19999",B utuan City,male,Joe De la Cruz,old,,,Yes
2023-00049,Joy,De la,Cruz,Jr.,"P-2 Poblacion, Lianga, SDS",single,9506866597,"November 12, 19999",B utuan City,male,Joe De la Cruz,old,,,Yes
2023-00050,Joy,De la,Cruz,Jr.,"P-2 Poblacion, Lianga, SDS",single,9506866597,"November 12, 19999",B utuan City,male,Joe De la Cruz,old,,,Yes
2023-00051,Joy,De la,Cruz,Jr.,"P-2 Poblacion, Lianga, SDS",single,9506866597,"November 12, 19999",B utuan City,male,Joe De la Cruz,old,,,Yes
2023-00052,Joy,De la,Cruz,Jr.,"P-2 Poblacion, Lianga, SDS",single,9506866597,"November 12, 19999",B utuan City,male,Joe De la Cruz,old,,,Yes
2023-00053,Joy,De la,Cruz,Jr.,"P-2 Poblacion, Lianga, SDS",single,9506866597,"November 12, 19999",B utuan City,male,Joe De la Cruz,old,,,Yes
2023-00054,Joy,De la,Cruz,Jr.,"P-2 Poblacion, Lianga, SDS",single,9506866597,"November 12, 19999",B utuan City,male,Joe De la Cruz,old,,,Yes
2023-00055,Joy,De la,Cruz,Jr.,"P-2 Poblacion, Lianga, SDS",single,9506866597,"November 12, 19999",B utuan City,male,Joe De la Cruz,old,,,Yes
2023-00056,Joy,De la,Cruz,Jr.,"P-2 Poblacion, Lianga, SDS",single,9506866597,"November 12, 19999",B utuan City,male,Joe De la Cruz,old,,,Yes
2023-00057,Joy,De la,Cruz,Jr.,"P-2 Poblacion, Lianga, SDS",single,9506866597,"November 12, 19999",B utuan City,male,Joe De la Cruz,old,,,Yes
2023-00058,Joy,De la,Cruz,Jr.,"P-2 Poblacion, Lianga, SDS",single,9506866597,"November 12, 19999",B utuan City,male,Joe De la Cruz,old,,,Yes
2023-00059,Joy,De la,Cruz,Jr.,"P-2 Poblacion, Lianga, SDS",single,9506866597,"November 12, 19999",B utuan City,male,Joe De la Cruz,old,,,Yes
2023-00060,Joy,De la,Cruz,Jr.,"P-2 Poblacion, Lianga, SDS",single,9506866597,"November 12, 19999",B utuan City,male,Joe De la Cruz,old,,,Yes
2023-00061,Joy,De la,Cruz,Jr.,"P-2 Poblacion, Lianga, SDS",single,9506866597,"November 12, 19999",B utuan City,male,Joe De la Cruz,old,,,Yes
2023-00062,Joy,De la,Cruz,Jr.,"P-2 Poblacion, Lianga, SDS",single,9506866597,"November 12, 19999",B utuan City,male,Joe De la Cruz,old,,,Yes
2023-00063,Joy,De la,Cruz,Jr.,"P-2 Poblacion, Lianga, SDS",single,9506866597,"November 12, 19999",B utuan City,male,Joe De la Cruz,old,,,Yes
2023-00064,Joy,De la,Cruz,Jr.,"P-2 Poblacion, Lianga, SDS",single,9506866597,"November 12, 19999",B utuan City,male,Joe De la Cruz,old,,,Yes
2023-00065,Joy,De la,Cruz,Jr.,"P-2 Poblacion, Lianga, SDS",single,9506866597,"November 12, 19999",B utuan City,male,Joe De la Cruz,old,,,Yes
2023-00066,Joy,De la,Cruz,Jr.,"P-2 Poblacion, Lianga, SDS",single,9506866597,"November 12, 19999",B utuan City,male,Joe De la Cruz,old,,,Yes
2023-00067,Joy,De la,Cruz,Jr.,"P-2 Poblacion, Lianga, SDS",single,9506866597,"November 12, 19999",B utuan City,male,Joe De la Cruz,old,,,Yes
2023-00068,Joy,De la,Cruz,Jr.,"P-2 Poblacion, Lianga, SDS",single,9506866597,"November 12, 19999",B utuan City,male,Joe De la Cruz,old,,,Yes
2023-00069,Joy,De la,Cruz,Jr.,"P-2 Poblacion, Lianga, SDS",single,9506866597,"November 12, 19999",B utuan City,male,Joe De la Cruz,old,,,Yes
2023-00070,Joy,De la,Cruz,Jr.,"P-2 Poblacion, Lianga, SDS",single,9506866597,"November 12, 19999",B utuan City,male,Joe De la Cruz,old,,,Yes
2023-00071,Joy,De la,Cruz,Jr.,"P-2 Poblacion, Lianga, SDS",single,9506866597,"November 12, 19999",B utuan City,male,Joe De la Cruz,old,,,Yes
2023-00072,Joy,De la,Cruz,Jr.,"P-2 Poblacion, Lianga, SDS",single,9506866597,"November 12, 19999",B utuan City,male,Joe De la Cruz,old,,,Yes
2023-00073,Joy,De la,Cruz,Jr.,"P-2 Poblacion, Lianga, SDS",single,9506866597,"November 12, 19999",B utuan City,male,Joe De la Cruz,old,,,Yes
2023-00074,Joy,De la,Cruz,Jr.,"P-2 Poblacion, Lianga, SDS",single,9506866597,"November 12, 19999",B utuan City,male,Joe De la Cruz,old,,,Yes
2023-00075,Joy,De la,Cruz,Jr.,"P-2 Poblacion, Lianga, SDS",single,9506866597,"November 12, 19999",B utuan City,male,Joe De la Cruz,old,,,Yes
2023-00076,Joy,De la,Cruz,Jr.,"P-2 Poblacion, Lianga, SDS",single,9506866597,"November 12, 19999",B utuan City,male,Joe De la Cruz,old,,,Yes
2023-00077,Joy,De la,Cruz,Jr.,"P-2 Poblacion, Lianga, SDS",single,9506866597,"November 12, 19999",B utuan City,male,Joe De la Cruz,old,,,Yes
2023-00078,Joy,De la,Cruz,Jr.,"P-2 Poblacion, Lianga, SDS",single,9506866597,"November 12, 19999",B utuan City,male,Joe De la Cruz,old,,,Yes
2023-00079,Joy,De la,Cruz,Jr.,"P-2 Poblacion, Lianga, SDS",single,9506866597,"November 12, 19999",B utuan City,male,Joe De la Cruz,old,,,Yes
2023-00080,Joy,De la,Cruz,Jr.,"P-2 Poblacion, Lianga, SDS",single,9506866597,"November 12, 19999",B utuan City,male,Joe De la Cruz,old,,,Yes
2023-00081,Joy,De la,Cruz,Jr.,"P-2 Poblacion, Lianga, SDS",single,9506866597,"November 12, 19999",B utuan City,male,Joe De la Cruz,old,,,Yes
2023-00082,Joy,De la,Cruz,Jr.,"P-2 Poblacion, Lianga, SDS",single,9506866597,"November 12, 19999",B utuan City,male,Joe De la Cruz,old,,,Yes
2023-00083,Joy,De la,Cruz,Jr.,"P-2 Poblacion, Lianga, SDS",single,9506866597,"November 12, 19999",B utuan City,male,Joe De la Cruz,old,,,Yes
2023-00084,Joy,De la,Cruz,Jr.,"P-2 Poblacion, Lianga, SDS",single,9506866597,"November 12, 19999",B utuan City,male,Joe De la Cruz,old,,,Yes
2023-00085,Joy,De la,Cruz,Jr.,"P-2 Poblacion, Lianga, SDS",single,9506866597,"November 12, 19999",B utuan City,male,Joe De la Cruz,old,,,Yes
2023-00086,Joy,De la,Cruz,Jr.,"P-2 Poblacion, Lianga, SDS",single,9506866597,"November 12, 19999",B utuan City,male,Joe De la Cruz,old,,,Yes
2023-00087,Joy,De la,Cruz,Jr.,"P-2 Poblacion, Lianga, SDS",single,9506866597,"November 12, 19999",B utuan City,male,Joe De la Cruz,old,,,Yes
2023-00088,Joy,De la,Cruz,Jr.,"P-2 Poblacion, Lianga, SDS",single,9506866597,"November 12, 19999",B utuan City,male,Joe De la Cruz,old,,,Yes
2023-00089,Joy,De la,Cruz,Jr.,"P-2 Poblacion, Lianga, SDS",single,9506866597,"November 12, 19999",B utuan City,male,Joe De la Cruz,old,,,Yes
2023-00090,Joy,De la,Cruz,Jr.,"P-2 Poblacion, Lianga, SDS",single,9506866597,"November 12, 19999",B utuan City,male,Joe De la Cruz,old,,,Yes
2023-00091,Joy,De la,Cruz,Jr.,"P-2 Poblacion, Lianga, SDS",single,9506866597,"November 12, 19999",B utuan City,male,Joe De la Cruz,old,,,Yes
2023-00092,Joy,De la,Cruz,Jr.,"P-2 Poblacion, Lianga, SDS",single,9506866597,"November 12, 19999",B utuan City,male,Joe De la Cruz,old,,,Yes
2023-00093,Joy,De la,Cruz,Jr.,"P-2 Poblacion, Lianga, SDS",single,9506866597,"November 12, 19999",B utuan City,male,Joe De la Cruz,old,,,Yes
2023-00094,Joy,De la,Cruz,Jr.,"P-2 Poblacion, Lianga, SDS",single,9506866597,"November 12, 19999",B utuan City,male,Joe De la Cruz,old,,,Yes
2023-00095,Joy,De la,Cruz,Jr.,"P-2 Poblacion, Lianga, SDS",single,9506866597,"November 12, 19999",B utuan City,male,Joe De la Cruz,old,,,Yes
2023-00096,Joy,De la,Cruz,Jr.,"P-2 Poblacion, Lianga, SDS",single,9506866597,"November 12, 19999",B utuan City,male,Joe De la Cruz,old,,,Yes
2023-00097,Joy,De la,Cruz,Jr.,"P-2 Poblacion, Lianga, SDS",single,9506866597,"November 12, 19999",B utuan City,male,Joe De la Cruz,old,,,Yes
2023-00098,Joy,De la,Cruz,Jr.,"P-2 Poblacion, Lianga, SDS",single,9506866597,"November 12, 19999",B utuan City,male,Joe De la Cruz,old,,,Yes
2023-00099,Joy,De la,Cruz,Jr.,"P-2 Poblacion, Lianga, SDS",single,9506866597,"November 12, 19999",B utuan City,male,Joe De la Cruz,old,,,Yes
2023-00100,Joy,De la,Cruz,Jr.,"P-2 Poblacion, Lianga, SDS",single,9506866597,"November 12, 19999",B utuan City,male,Joe De la Cruz,old,,,Yes
